{
  "intra_diff_mean": 0.017814818769693375,
  "intra_diff_max": 0.5195560455322266,
  "inter_diff_mean": 0.0,
  "inter_diff_max": 0.0,
  "n_intra_candidates": 1639,
  "n_inter_candidates": 0,
  "n_reasoning_features": 1639
}