{
  "intra_diff_mean": 1.2504977348726243e-05,
  "intra_diff_max": 0.024760369211435318,
  "inter_diff_mean": 0.0001431531854905188,
  "inter_diff_max": 0.24127712845802307,
  "n_intra_candidates": 32768,
  "n_inter_candidates": 32768,
  "n_reasoning_features": 32768
}