{
  "intra_diff_mean": 0.00011785785318352282,
  "intra_diff_max": 0.08873283863067627,
  "inter_diff_mean": 0.0,
  "inter_diff_max": 0.0,
  "n_intra_candidates": 32768,
  "n_inter_candidates": 0,
  "n_reasoning_features": 32768
}