{
  "intra_diff_mean": 8.619782420282718e-06,
  "intra_diff_max": 0.09174562990665436,
  "inter_diff_mean": 0.0,
  "inter_diff_max": 0.0,
  "n_intra_candidates": 32768,
  "n_inter_candidates": 0,
  "n_reasoning_features": 32768
}